match_id,league_id,season,date,home_team_id,away_team_id,home_score,away_score,status,referee,venue,bookmaker,home_odds,draw_odds,away_odds,event_date,home_team_name,away_team_name,player_id,team_id,name,age,nationality,position,height,weight,appearances,goals,assists,yellow_cards,red_cards,country,founded,logo,venue_name,venue_address,venue_city,venue_capacity
Unknown,39.0,0.0,1970-01-01,0.0,0.0,0.0,0.0,Unknown,Unknown,Unknown,Unknown,0.0,0.0,0.0,1970-01-01,Unknown,Unknown,0.0,33.0,Manchester United,0.0,Unknown,Unknown,Unknown,Unknown,0.0,0.0,0.0,0.0,0.0,England,1878.0,https://media.api-sports.io/football/teams/33.png,Old Trafford,Sir Matt Busby Way,Manchester,76212.0
Unknown,39.0,0.0,1970-01-01,0.0,0.0,0.0,0.0,Unknown,Unknown,Unknown,Unknown,0.0,0.0,0.0,1970-01-01,Unknown,Unknown,0.0,34.0,Newcastle,0.0,Unknown,Unknown,Unknown,Unknown,0.0,0.0,0.0,0.0,0.0,England,1892.0,https://media.api-sports.io/football/teams/34.png,St. James' Park,St. James&apos; Street,Newcastle upon Tyne,52758.0
Unknown,39.0,0.0,1970-01-01,0.0,0.0,0.0,0.0,Unknown,Unknown,Unknown,Unknown,0.0,0.0,0.0,1970-01-01,Unknown,Unknown,0.0,35.0,Bournemouth,0.0,Unknown,Unknown,Unknown,Unknown,0.0,0.0,0.0,0.0,0.0,England,1899.0,https://media.api-sports.io/football/teams/35.png,Vitality Stadium,"Dean Court, Kings Park","Bournemouth, Dorset",12000.0
Unknown,39.0,0.0,1970-01-01,0.0,0.0,0.0,0.0,Unknown,Unknown,Unknown,Unknown,0.0,0.0,0.0,1970-01-01,Unknown,Unknown,0.0,36.0,Fulham,0.0,Unknown,Unknown,Unknown,Unknown,0.0,0.0,0.0,0.0,0.0,England,1879.0,https://media.api-sports.io/football/teams/36.png,Craven Cottage,Stevenage Road,London,25700.0
Unknown,39.0,0.0,1970-01-01,0.0,0.0,0.0,0.0,Unknown,Unknown,Unknown,Unknown,0.0,0.0,0.0,1970-01-01,Unknown,Unknown,0.0,39.0,Wolves,0.0,Unknown,Unknown,Unknown,Unknown,0.0,0.0,0.0,0.0,0.0,England,1877.0,https://media.api-sports.io/football/teams/39.png,Molineux Stadium,Waterloo Road,"Wolverhampton, West Midlands",34624.0
Unknown,39.0,0.0,1970-01-01,0.0,0.0,0.0,0.0,Unknown,Unknown,Unknown,Unknown,0.0,0.0,0.0,1970-01-01,Unknown,Unknown,0.0,40.0,Liverpool,0.0,Unknown,Unknown,Unknown,Unknown,0.0,0.0,0.0,0.0,0.0,England,1892.0,https://media.api-sports.io/football/teams/40.png,Anfield,Anfield Road,Liverpool,55212.0
Unknown,39.0,0.0,1970-01-01,0.0,0.0,0.0,0.0,Unknown,Unknown,Unknown,Unknown,0.0,0.0,0.0,1970-01-01,Unknown,Unknown,0.0,41.0,Southampton,0.0,Unknown,Unknown,Unknown,Unknown,0.0,0.0,0.0,0.0,0.0,England,1885.0,https://media.api-sports.io/football/teams/41.png,St. Mary's Stadium,Britannia Road,"Southampton, Hampshire",32689.0
Unknown,39.0,0.0,1970-01-01,0.0,0.0,0.0,0.0,Unknown,Unknown,Unknown,Unknown,0.0,0.0,0.0,1970-01-01,Unknown,Unknown,0.0,42.0,Arsenal,0.0,Unknown,Unknown,Unknown,Unknown,0.0,0.0,0.0,0.0,0.0,England,1886.0,https://media.api-sports.io/football/teams/42.png,Emirates Stadium,Queensland Road,London,60383.0
Unknown,39.0,0.0,1970-01-01,0.0,0.0,0.0,0.0,Unknown,Unknown,Unknown,Unknown,0.0,0.0,0.0,1970-01-01,Unknown,Unknown,0.0,44.0,Burnley,0.0,Unknown,Unknown,Unknown,Unknown,0.0,0.0,0.0,0.0,0.0,England,1882.0,https://media.api-sports.io/football/teams/44.png,Turf Moor,Harry Potts Way,Burnley,22546.0
Unknown,39.0,0.0,1970-01-01,0.0,0.0,0.0,0.0,Unknown,Unknown,Unknown,Unknown,0.0,0.0,0.0,1970-01-01,Unknown,Unknown,0.0,45.0,Everton,0.0,Unknown,Unknown,Unknown,Unknown,0.0,0.0,0.0,0.0,0.0,England,1878.0,https://media.api-sports.io/football/teams/45.png,Goodison Park,Goodison Road,Liverpool,40569.0
Unknown,39.0,0.0,1970-01-01,0.0,0.0,0.0,0.0,Unknown,Unknown,Unknown,Unknown,0.0,0.0,0.0,1970-01-01,Unknown,Unknown,0.0,46.0,Leicester,0.0,Unknown,Unknown,Unknown,Unknown,0.0,0.0,0.0,0.0,0.0,England,1884.0,https://media.api-sports.io/football/teams/46.png,King Power Stadium,Filbert Way,"Leicester, Leicestershire",34310.0
Unknown,39.0,0.0,1970-01-01,0.0,0.0,0.0,0.0,Unknown,Unknown,Unknown,Unknown,0.0,0.0,0.0,1970-01-01,Unknown,Unknown,0.0,47.0,Tottenham,0.0,Unknown,Unknown,Unknown,Unknown,0.0,0.0,0.0,0.0,0.0,England,1882.0,https://media.api-sports.io/football/teams/47.png,Tottenham Hotspur Stadium,"Bill Nicholson Way, 748 High Road",London,62850.0
Unknown,39.0,0.0,1970-01-01,0.0,0.0,0.0,0.0,Unknown,Unknown,Unknown,Unknown,0.0,0.0,0.0,1970-01-01,Unknown,Unknown,0.0,48.0,West Ham,0.0,Unknown,Unknown,Unknown,Unknown,0.0,0.0,0.0,0.0,0.0,England,1895.0,https://media.api-sports.io/football/teams/48.png,London Stadium,"Marshgate Lane, Stratford",London,62500.0
Unknown,39.0,0.0,1970-01-01,0.0,0.0,0.0,0.0,Unknown,Unknown,Unknown,Unknown,0.0,0.0,0.0,1970-01-01,Unknown,Unknown,0.0,49.0,Chelsea,0.0,Unknown,Unknown,Unknown,Unknown,0.0,0.0,0.0,0.0,0.0,England,1905.0,https://media.api-sports.io/football/teams/49.png,Stamford Bridge,Fulham Road,London,41841.0
Unknown,39.0,0.0,1970-01-01,0.0,0.0,0.0,0.0,Unknown,Unknown,Unknown,Unknown,0.0,0.0,0.0,1970-01-01,Unknown,Unknown,0.0,50.0,Manchester City,0.0,Unknown,Unknown,Unknown,Unknown,0.0,0.0,0.0,0.0,0.0,England,1880.0,https://media.api-sports.io/football/teams/50.png,Etihad Stadium,Rowsley Street,Manchester,55097.0
Unknown,39.0,0.0,1970-01-01,0.0,0.0,0.0,0.0,Unknown,Unknown,Unknown,Unknown,0.0,0.0,0.0,1970-01-01,Unknown,Unknown,0.0,51.0,Brighton,0.0,Unknown,Unknown,Unknown,Unknown,0.0,0.0,0.0,0.0,0.0,England,1901.0,https://media.api-sports.io/football/teams/51.png,The American Express Community Stadium,Village Way,"Falmer, East Sussex",31872.0
Unknown,39.0,0.0,1970-01-01,0.0,0.0,0.0,0.0,Unknown,Unknown,Unknown,Unknown,0.0,0.0,0.0,1970-01-01,Unknown,Unknown,0.0,52.0,Crystal Palace,0.0,Unknown,Unknown,Unknown,Unknown,0.0,0.0,0.0,0.0,0.0,England,1905.0,https://media.api-sports.io/football/teams/52.png,Selhurst Park,Holmesdale Road,London,26309.0
Unknown,39.0,0.0,1970-01-01,0.0,0.0,0.0,0.0,Unknown,Unknown,Unknown,Unknown,0.0,0.0,0.0,1970-01-01,Unknown,Unknown,0.0,55.0,Brentford,0.0,Unknown,Unknown,Unknown,Unknown,0.0,0.0,0.0,0.0,0.0,England,1889.0,https://media.api-sports.io/football/teams/55.png,Gtech Community Stadium,"166 Lionel Rd N, Brentford","Brentford, Middlesex",17250.0
Unknown,39.0,0.0,1970-01-01,0.0,0.0,0.0,0.0,Unknown,Unknown,Unknown,Unknown,0.0,0.0,0.0,1970-01-01,Unknown,Unknown,0.0,57.0,Ipswich,0.0,Unknown,Unknown,Unknown,Unknown,0.0,0.0,0.0,0.0,0.0,England,1878.0,https://media.api-sports.io/football/teams/57.png,Portman Road,Portman Road,"Ipswich, Suffolk",30311.0
Unknown,39.0,0.0,1970-01-01,0.0,0.0,0.0,0.0,Unknown,Unknown,Unknown,Unknown,0.0,0.0,0.0,1970-01-01,Unknown,Unknown,0.0,62.0,Sheffield Utd,0.0,Unknown,Unknown,Unknown,Unknown,0.0,0.0,0.0,0.0,0.0,England,1889.0,https://media.api-sports.io/football/teams/62.png,Bramall Lane,Bramall Lane,Sheffield,32702.0
Unknown,39.0,0.0,1970-01-01,0.0,0.0,0.0,0.0,Unknown,Unknown,Unknown,Unknown,0.0,0.0,0.0,1970-01-01,Unknown,Unknown,0.0,63.0,Leeds,0.0,Unknown,Unknown,Unknown,Unknown,0.0,0.0,0.0,0.0,0.0,England,1919.0,https://media.api-sports.io/football/teams/63.png,Elland Road,Elland Road,"Leeds, West Yorkshire",40204.0
Unknown,39.0,0.0,1970-01-01,0.0,0.0,0.0,0.0,Unknown,Unknown,Unknown,Unknown,0.0,0.0,0.0,1970-01-01,Unknown,Unknown,0.0,65.0,Nottingham Forest,0.0,Unknown,Unknown,Unknown,Unknown,0.0,0.0,0.0,0.0,0.0,England,1865.0,https://media.api-sports.io/football/teams/65.png,The City Ground,Pavilion Road,"Nottingham, Nottinghamshire",30576.0
Unknown,39.0,0.0,1970-01-01,0.0,0.0,0.0,0.0,Unknown,Unknown,Unknown,Unknown,0.0,0.0,0.0,1970-01-01,Unknown,Unknown,0.0,66.0,Aston Villa,0.0,Unknown,Unknown,Unknown,Unknown,0.0,0.0,0.0,0.0,0.0,England,1874.0,https://media.api-sports.io/football/teams/66.png,Villa Park,Trinity Road,Birmingham,42788.0
Unknown,61.0,0.0,1970-01-01,0.0,0.0,0.0,0.0,Unknown,Unknown,Unknown,Unknown,0.0,0.0,0.0,1970-01-01,Unknown,Unknown,0.0,77.0,Angers,0.0,Unknown,Unknown,Unknown,Unknown,0.0,0.0,0.0,0.0,0.0,France,1919.0,https://media.api-sports.io/football/teams/77.png,Stade Raymond-Kopa,"73, boulevard Pierre de Coubertin",Angers,19000.0
Unknown,61.0,0.0,1970-01-01,0.0,0.0,0.0,0.0,Unknown,Unknown,Unknown,Unknown,0.0,0.0,0.0,1970-01-01,Unknown,Unknown,0.0,79.0,Lille,0.0,Unknown,Unknown,Unknown,Unknown,0.0,0.0,0.0,0.0,0.0,France,1944.0,https://media.api-sports.io/football/teams/79.png,Decathlon Arena – Stade Pierre-Mauroy,"261, Boulevard de Tournai, l&apos;Hôtel de Ville",Villeneuve d&apos;Ascq,50083.0
Unknown,61.0,0.0,1970-01-01,0.0,0.0,0.0,0.0,Unknown,Unknown,Unknown,Unknown,0.0,0.0,0.0,1970-01-01,Unknown,Unknown,0.0,80.0,Lyon,0.0,Unknown,Unknown,Unknown,Unknown,0.0,0.0,0.0,0.0,0.0,France,1950.0,https://media.api-sports.io/football/teams/80.png,Groupama Stadium,Chemin du Montout,Décines-Charpieu,61556.0
Unknown,61.0,0.0,1970-01-01,0.0,0.0,0.0,0.0,Unknown,Unknown,Unknown,Unknown,0.0,0.0,0.0,1970-01-01,Unknown,Unknown,0.0,81.0,Marseille,0.0,Unknown,Unknown,Unknown,Unknown,0.0,0.0,0.0,0.0,0.0,France,1899.0,https://media.api-sports.io/football/teams/81.png,Stade Orange Vélodrome,"3, boulevard Michelet",Marseille,67394.0
Unknown,61.0,0.0,1970-01-01,0.0,0.0,0.0,0.0,Unknown,Unknown,Unknown,Unknown,0.0,0.0,0.0,1970-01-01,Unknown,Unknown,0.0,82.0,Montpellier,0.0,Unknown,Unknown,Unknown,Unknown,0.0,0.0,0.0,0.0,0.0,France,1974.0,https://media.api-sports.io/football/teams/82.png,Stade de la Mosson-Mondial 98,Avenue de Heidelberg,Montpellier,32939.0
Unknown,61.0,0.0,1970-01-01,0.0,0.0,0.0,0.0,Unknown,Unknown,Unknown,Unknown,0.0,0.0,0.0,1970-01-01,Unknown,Unknown,0.0,83.0,Nantes,0.0,Unknown,Unknown,Unknown,Unknown,0.0,0.0,0.0,0.0,0.0,France,1943.0,https://media.api-sports.io/football/teams/83.png,Stade de la Beaujoire - Louis Fonteneau,"5, boulevard de la Beaujoire",Nantes,38285.0
Unknown,61.0,0.0,1970-01-01,0.0,0.0,0.0,0.0,Unknown,Unknown,Unknown,Unknown,0.0,0.0,0.0,1970-01-01,Unknown,Unknown,0.0,84.0,Nice,0.0,Unknown,Unknown,Unknown,Unknown,0.0,0.0,0.0,0.0,0.0,France,1904.0,https://media.api-sports.io/football/teams/84.png,Allianz Riviera,Boulevard des Jardiniers,Nice,35624.0
Unknown,61.0,0.0,1970-01-01,0.0,0.0,0.0,0.0,Unknown,Unknown,Unknown,Unknown,0.0,0.0,0.0,1970-01-01,Unknown,Unknown,0.0,85.0,Paris Saint Germain,0.0,Unknown,Unknown,Unknown,Unknown,0.0,0.0,0.0,0.0,0.0,France,1970.0,https://media.api-sports.io/football/teams/85.png,Parc des Princes,"24, rue du Commandant Guilbaud",Paris,47929.0
Unknown,61.0,0.0,1970-01-01,0.0,0.0,0.0,0.0,Unknown,Unknown,Unknown,Unknown,0.0,0.0,0.0,1970-01-01,Unknown,Unknown,0.0,91.0,Monaco,0.0,Unknown,Unknown,Unknown,Unknown,0.0,0.0,0.0,0.0,0.0,France,1919.0,https://media.api-sports.io/football/teams/91.png,Stade Louis-II,"7, avenue des Castelans",Monaco,18523.0
Unknown,61.0,0.0,1970-01-01,0.0,0.0,0.0,0.0,Unknown,Unknown,Unknown,Unknown,0.0,0.0,0.0,1970-01-01,Unknown,Unknown,0.0,93.0,Reims,0.0,Unknown,Unknown,Unknown,Unknown,0.0,0.0,0.0,0.0,0.0,France,1909.0,https://media.api-sports.io/football/teams/93.png,Stade Auguste-Delaune II,"33, Chaussée Bocquaine",Reims,21684.0
Unknown,61.0,0.0,1970-01-01,0.0,0.0,0.0,0.0,Unknown,Unknown,Unknown,Unknown,0.0,0.0,0.0,1970-01-01,Unknown,Unknown,0.0,94.0,Rennes,0.0,Unknown,Unknown,Unknown,Unknown,0.0,0.0,0.0,0.0,0.0,France,1901.0,https://media.api-sports.io/football/teams/94.png,Roazhon Park,"111, route de Lorient",Rennes,31127.0
Unknown,61.0,0.0,1970-01-01,0.0,0.0,0.0,0.0,Unknown,Unknown,Unknown,Unknown,0.0,0.0,0.0,1970-01-01,Unknown,Unknown,0.0,95.0,Strasbourg,0.0,Unknown,Unknown,Unknown,Unknown,0.0,0.0,0.0,0.0,0.0,France,1906.0,https://media.api-sports.io/football/teams/95.png,Stade de la Meinau,"12, rue de l&apos;Extenwoerth",Strasbourg,26109.0
Unknown,61.0,0.0,1970-01-01,0.0,0.0,0.0,0.0,Unknown,Unknown,Unknown,Unknown,0.0,0.0,0.0,1970-01-01,Unknown,Unknown,0.0,96.0,Toulouse,0.0,Unknown,Unknown,Unknown,Unknown,0.0,0.0,0.0,0.0,0.0,France,1937.0,https://media.api-sports.io/football/teams/96.png,Stadium de Toulouse,"1, allée Gabriel Biènés",Toulouse,33150.0
Unknown,61.0,0.0,1970-01-01,0.0,0.0,0.0,0.0,Unknown,Unknown,Unknown,Unknown,0.0,0.0,0.0,1970-01-01,Unknown,Unknown,0.0,97.0,Lorient,0.0,Unknown,Unknown,Unknown,Unknown,0.0,0.0,0.0,0.0,0.0,France,1926.0,https://media.api-sports.io/football/teams/97.png,Stade Yves Allainmat - Le Moustoir,"11, rue Jean Le Coutaller",Lorient,18970.0
Unknown,61.0,0.0,1970-01-01,0.0,0.0,0.0,0.0,Unknown,Unknown,Unknown,Unknown,0.0,0.0,0.0,1970-01-01,Unknown,Unknown,0.0,98.0,Ajaccio,0.0,Unknown,Unknown,Unknown,Unknown,0.0,0.0,0.0,0.0,0.0,France,1910.0,https://media.api-sports.io/football/teams/98.png,Stade François Coty,"Ancienne route de Sartène, Zone Industrielle du Vazzio",Ajaccio,10660.0
Unknown,61.0,0.0,1970-01-01,0.0,0.0,0.0,0.0,Unknown,Unknown,Unknown,Unknown,0.0,0.0,0.0,1970-01-01,Unknown,Unknown,0.0,99.0,Clermont Foot,0.0,Unknown,Unknown,Unknown,Unknown,0.0,0.0,0.0,0.0,0.0,France,1990.0,https://media.api-sports.io/football/teams/99.png,Stade Gabriel Montpied,Rue Adrien-Mabut,Clermont-Ferrand,13576.0
Unknown,61.0,0.0,1970-01-01,0.0,0.0,0.0,0.0,Unknown,Unknown,Unknown,Unknown,0.0,0.0,0.0,1970-01-01,Unknown,Unknown,0.0,106.0,Stade Brestois 29,0.0,Unknown,Unknown,Unknown,Unknown,0.0,0.0,0.0,0.0,0.0,France,1950.0,https://media.api-sports.io/football/teams/106.png,Stade Francis-Le Blé,"26, rue de Quimper",Brest,15931.0
Unknown,61.0,0.0,1970-01-01,0.0,0.0,0.0,0.0,Unknown,Unknown,Unknown,Unknown,0.0,0.0,0.0,1970-01-01,Unknown,Unknown,0.0,108.0,Auxerre,0.0,Unknown,Unknown,Unknown,Unknown,0.0,0.0,0.0,0.0,0.0,France,1905.0,https://media.api-sports.io/football/teams/108.png,Stade de l'Abbé Deschamps,Route de Vaux,Auxerre,23467.0
Unknown,61.0,0.0,1970-01-01,0.0,0.0,0.0,0.0,Unknown,Unknown,Unknown,Unknown,0.0,0.0,0.0,1970-01-01,Unknown,Unknown,0.0,110.0,Estac Troyes,0.0,Unknown,Unknown,Unknown,Unknown,0.0,0.0,0.0,0.0,0.0,France,1986.0,https://media.api-sports.io/football/teams/110.png,Stade de l'Aube,"42, avenue Robert Schuman",Troyes,21877.0
Unknown,61.0,0.0,1970-01-01,0.0,0.0,0.0,0.0,Unknown,Unknown,Unknown,Unknown,0.0,0.0,0.0,1970-01-01,Unknown,Unknown,0.0,111.0,LE Havre,0.0,Unknown,Unknown,Unknown,Unknown,0.0,0.0,0.0,0.0,0.0,France,1872.0,https://media.api-sports.io/football/teams/111.png,Stade Océane,Boulevard de Léningrad,Le Havre,25178.0
Unknown,61.0,0.0,1970-01-01,0.0,0.0,0.0,0.0,Unknown,Unknown,Unknown,Unknown,0.0,0.0,0.0,1970-01-01,Unknown,Unknown,0.0,112.0,Metz,0.0,Unknown,Unknown,Unknown,Unknown,0.0,0.0,0.0,0.0,0.0,France,1932.0,https://media.api-sports.io/football/teams/112.png,Stade Saint-Symphorien,"3, allée Saint-Symphorien",Longeville-lès-Metz,30000.0
Unknown,61.0,0.0,1970-01-01,0.0,0.0,0.0,0.0,Unknown,Unknown,Unknown,Unknown,0.0,0.0,0.0,1970-01-01,Unknown,Unknown,0.0,116.0,Lens,0.0,Unknown,Unknown,Unknown,Unknown,0.0,0.0,0.0,0.0,0.0,France,1906.0,https://media.api-sports.io/football/teams/116.png,Stade Bollaert-Delelis,"83, rue Maurice-Carton",Lens,41233.0
Unknown,78.0,0.0,1970-01-01,0.0,0.0,0.0,0.0,Unknown,Unknown,Unknown,Unknown,0.0,0.0,0.0,1970-01-01,Unknown,Unknown,0.0,157.0,Bayern München,0.0,Unknown,Unknown,Unknown,Unknown,0.0,0.0,0.0,0.0,0.0,Germany,1900.0,https://media.api-sports.io/football/teams/157.png,Fußball Arena München,Werner-Heisenberg-Allee 25,München,75024.0
Unknown,78.0,0.0,1970-01-01,0.0,0.0,0.0,0.0,Unknown,Unknown,Unknown,Unknown,0.0,0.0,0.0,1970-01-01,Unknown,Unknown,0.0,158.0,Fortuna Düsseldorf,0.0,Unknown,Unknown,Unknown,Unknown,0.0,0.0,0.0,0.0,0.0,Germany,1895.0,https://media.api-sports.io/football/teams/158.png,Düsseldorf Arena,Arena-Str. 1,Düsseldorf,54600.0
Unknown,78.0,0.0,1970-01-01,0.0,0.0,0.0,0.0,Unknown,Unknown,Unknown,Unknown,0.0,0.0,0.0,1970-01-01,Unknown,Unknown,0.0,159.0,Hertha BSC,0.0,Unknown,Unknown,Unknown,Unknown,0.0,0.0,0.0,0.0,0.0,Germany,1892.0,https://media.api-sports.io/football/teams/159.png,Olympiastadion Berlin,Olympischer Platz 3,Berlin,74667.0
Unknown,78.0,0.0,1970-01-01,0.0,0.0,0.0,0.0,Unknown,Unknown,Unknown,Unknown,0.0,0.0,0.0,1970-01-01,Unknown,Unknown,0.0,160.0,SC Freiburg,0.0,Unknown,Unknown,Unknown,Unknown,0.0,0.0,0.0,0.0,0.0,Germany,1904.0,https://media.api-sports.io/football/teams/160.png,Europa-Park Stadion,Achim-Stocker-Straße 1,Freiburg im Breisgau,34700.0
Unknown,78.0,0.0,1970-01-01,0.0,0.0,0.0,0.0,Unknown,Unknown,Unknown,Unknown,0.0,0.0,0.0,1970-01-01,Unknown,Unknown,0.0,161.0,VfL Wolfsburg,0.0,Unknown,Unknown,Unknown,Unknown,0.0,0.0,0.0,0.0,0.0,Germany,1945.0,https://media.api-sports.io/football/teams/161.png,Volkswagen Arena,In den Allerwiesen 1,Wolfsburg,30000.0
Unknown,78.0,0.0,1970-01-01,0.0,0.0,0.0,0.0,Unknown,Unknown,Unknown,Unknown,0.0,0.0,0.0,1970-01-01,Unknown,Unknown,0.0,162.0,Werder Bremen,0.0,Unknown,Unknown,Unknown,Unknown,0.0,0.0,0.0,0.0,0.0,Germany,1899.0,https://media.api-sports.io/football/teams/162.png,wohninvest WESERSTADION,Franz-Böhmert-Straße 1c,Bremen,42358.0
Unknown,78.0,0.0,1970-01-01,0.0,0.0,0.0,0.0,Unknown,Unknown,Unknown,Unknown,0.0,0.0,0.0,1970-01-01,Unknown,Unknown,0.0,163.0,Borussia Mönchengladbach,0.0,Unknown,Unknown,Unknown,Unknown,0.0,0.0,0.0,0.0,0.0,Germany,1900.0,https://media.api-sports.io/football/teams/163.png,BORUSSIA-PARK,Hennes-Weisweiler-Allee 1,Mönchengladbach,54057.0
Unknown,78.0,0.0,1970-01-01,0.0,0.0,0.0,0.0,Unknown,Unknown,Unknown,Unknown,0.0,0.0,0.0,1970-01-01,Unknown,Unknown,0.0,164.0,FSV Mainz 05,0.0,Unknown,Unknown,Unknown,Unknown,0.0,0.0,0.0,0.0,0.0,Germany,1905.0,https://media.api-sports.io/football/teams/164.png,MEWA ARENA,Eugen-Salomon-Straße 1,Mainz,34034.0
Unknown,78.0,0.0,1970-01-01,0.0,0.0,0.0,0.0,Unknown,Unknown,Unknown,Unknown,0.0,0.0,0.0,1970-01-01,Unknown,Unknown,0.0,165.0,Borussia Dortmund,0.0,Unknown,Unknown,Unknown,Unknown,0.0,0.0,0.0,0.0,0.0,Germany,1909.0,https://media.api-sports.io/football/teams/165.png,BVB Stadion Dortmund,Strobelalle 50,Dortmund,81365.0
Unknown,78.0,0.0,1970-01-01,0.0,0.0,0.0,0.0,Unknown,Unknown,Unknown,Unknown,0.0,0.0,0.0,1970-01-01,Unknown,Unknown,0.0,167.0,1899 Hoffenheim,0.0,Unknown,Unknown,Unknown,Unknown,0.0,0.0,0.0,0.0,0.0,Germany,1899.0,https://media.api-sports.io/football/teams/167.png,PreZero Arena,Dietmar-Hopp-Straße 1,Sinsheim,30164.0
Unknown,78.0,0.0,1970-01-01,0.0,0.0,0.0,0.0,Unknown,Unknown,Unknown,Unknown,0.0,0.0,0.0,1970-01-01,Unknown,Unknown,0.0,168.0,Bayer Leverkusen,0.0,Unknown,Unknown,Unknown,Unknown,0.0,0.0,0.0,0.0,0.0,Germany,1904.0,https://media.api-sports.io/football/teams/168.png,BayArena,Bismarckstr. 122-124,Leverkusen,30210.0
Unknown,78.0,0.0,1970-01-01,0.0,0.0,0.0,0.0,Unknown,Unknown,Unknown,Unknown,0.0,0.0,0.0,1970-01-01,Unknown,Unknown,0.0,169.0,Eintracht Frankfurt,0.0,Unknown,Unknown,Unknown,Unknown,0.0,0.0,0.0,0.0,0.0,Germany,1899.0,https://media.api-sports.io/football/teams/169.png,Frankfurt Arena,Mörfelder Landstr. 362,Frankfurt am Main,58000.0
Unknown,78.0,0.0,1970-01-01,0.0,0.0,0.0,0.0,Unknown,Unknown,Unknown,Unknown,0.0,0.0,0.0,1970-01-01,Unknown,Unknown,0.0,170.0,FC Augsburg,0.0,Unknown,Unknown,Unknown,Unknown,0.0,0.0,0.0,0.0,0.0,Germany,1907.0,https://media.api-sports.io/football/teams/170.png,WWK Arena,Bürgermeister Ulrich-Straße 90,Augsburg,30662.0
Unknown,78.0,0.0,1970-01-01,0.0,0.0,0.0,0.0,Unknown,Unknown,Unknown,Unknown,0.0,0.0,0.0,1970-01-01,Unknown,Unknown,0.0,172.0,VfB Stuttgart,0.0,Unknown,Unknown,Unknown,Unknown,0.0,0.0,0.0,0.0,0.0,Germany,1893.0,https://media.api-sports.io/football/teams/172.png,Stuttgart Arena,Mercedesstrasse 87,Stuttgart,60469.0
Unknown,78.0,0.0,1970-01-01,0.0,0.0,0.0,0.0,Unknown,Unknown,Unknown,Unknown,0.0,0.0,0.0,1970-01-01,Unknown,Unknown,0.0,173.0,RB Leipzig,0.0,Unknown,Unknown,Unknown,Unknown,0.0,0.0,0.0,0.0,0.0,Germany,2009.0,https://media.api-sports.io/football/teams/173.png,Leipzig Stadium,Am Sportforum 3,Leipzig,47069.0
Unknown,78.0,0.0,1970-01-01,0.0,0.0,0.0,0.0,Unknown,Unknown,Unknown,Unknown,0.0,0.0,0.0,1970-01-01,Unknown,Unknown,0.0,174.0,FC Schalke 04,0.0,Unknown,Unknown,Unknown,Unknown,0.0,0.0,0.0,0.0,0.0,Germany,1904.0,https://media.api-sports.io/football/teams/174.png,Arena AufSchalke,Arenaring 1,Gelsenkirchen,62278.0
Unknown,78.0,0.0,1970-01-01,0.0,0.0,0.0,0.0,Unknown,Unknown,Unknown,Unknown,0.0,0.0,0.0,1970-01-01,Unknown,Unknown,0.0,175.0,Hamburger SV,0.0,Unknown,Unknown,Unknown,Unknown,0.0,0.0,0.0,0.0,0.0,Germany,1887.0,https://media.api-sports.io/football/teams/175.png,Volksparkstadion,Sylvester Allee 7,Hamburg,57030.0
Unknown,78.0,0.0,1970-01-01,0.0,0.0,0.0,0.0,Unknown,Unknown,Unknown,Unknown,0.0,0.0,0.0,1970-01-01,Unknown,Unknown,0.0,176.0,VfL Bochum,0.0,Unknown,Unknown,Unknown,Unknown,0.0,0.0,0.0,0.0,0.0,Germany,1848.0,https://media.api-sports.io/football/teams/176.png,Vonovia Ruhrstadion,Castropher Straße 145,Bochum,27599.0
Unknown,78.0,0.0,1970-01-01,0.0,0.0,0.0,0.0,Unknown,Unknown,Unknown,Unknown,0.0,0.0,0.0,1970-01-01,Unknown,Unknown,0.0,180.0,1. FC Heidenheim,0.0,Unknown,Unknown,Unknown,Unknown,0.0,0.0,0.0,0.0,0.0,Germany,1946.0,https://media.api-sports.io/football/teams/180.png,Voith-Arena,Schloßhaustraße 160,Heidenheim an der Brenz,15000.0
Unknown,78.0,0.0,1970-01-01,0.0,0.0,0.0,0.0,Unknown,Unknown,Unknown,Unknown,0.0,0.0,0.0,1970-01-01,Unknown,Unknown,0.0,181.0,SV Darmstadt 98,0.0,Unknown,Unknown,Unknown,Unknown,0.0,0.0,0.0,0.0,0.0,Germany,1898.0,https://media.api-sports.io/football/teams/181.png,Merck-Stadion am Böllenfalltor,Nieder-Ramstädter Straße 170,Darmstadt,17810.0
Unknown,78.0,0.0,1970-01-01,0.0,0.0,0.0,0.0,Unknown,Unknown,Unknown,Unknown,0.0,0.0,0.0,1970-01-01,Unknown,Unknown,0.0,182.0,Union Berlin,0.0,Unknown,Unknown,Unknown,Unknown,0.0,0.0,0.0,0.0,0.0,Germany,1966.0,https://media.api-sports.io/football/teams/182.png,Stadion An der Alten Försterei,"Hämmerlingstraße 80-88, Köpenick",Berlin,22467.0
Unknown,78.0,0.0,1970-01-01,0.0,0.0,0.0,0.0,Unknown,Unknown,Unknown,Unknown,0.0,0.0,0.0,1970-01-01,Unknown,Unknown,0.0,186.0,FC St. Pauli,0.0,Unknown,Unknown,Unknown,Unknown,0.0,0.0,0.0,0.0,0.0,Germany,1910.0,https://media.api-sports.io/football/teams/186.png,Millerntor-Stadion,Harald-Stender-Platz 1,Hamburg,29564.0
Unknown,78.0,0.0,1970-01-01,0.0,0.0,0.0,0.0,Unknown,Unknown,Unknown,Unknown,0.0,0.0,0.0,1970-01-01,Unknown,Unknown,0.0,191.0,Holstein Kiel,0.0,Unknown,Unknown,Unknown,Unknown,0.0,0.0,0.0,0.0,0.0,Germany,1900.0,https://media.api-sports.io/football/teams/191.png,Holstein-Stadion,Westring 501,Kiel,15034.0
Unknown,78.0,0.0,1970-01-01,0.0,0.0,0.0,0.0,Unknown,Unknown,Unknown,Unknown,0.0,0.0,0.0,1970-01-01,Unknown,Unknown,0.0,192.0,1.FC Köln,0.0,Unknown,Unknown,Unknown,Unknown,0.0,0.0,0.0,0.0,0.0,Germany,1948.0,https://media.api-sports.io/football/teams/192.png,Cologne Stadium,Aachener Str. 999,Köln,50076.0
Unknown,113.0,0.0,1970-01-01,0.0,0.0,0.0,0.0,Unknown,Unknown,Unknown,Unknown,0.0,0.0,0.0,1970-01-01,Unknown,Unknown,0.0,363.0,Hammarby FF,0.0,Unknown,Unknown,Unknown,Unknown,0.0,0.0,0.0,0.0,0.0,Sweden,1897.0,https://media.api-sports.io/football/teams/363.png,Tele2 Arena,"Arenaslingan 14, Johanneshov",Stockholm,33000.0
Unknown,113.0,0.0,1970-01-01,0.0,0.0,0.0,0.0,Unknown,Unknown,Unknown,Unknown,0.0,0.0,0.0,1970-01-01,Unknown,Unknown,0.0,364.0,Djurgardens IF,0.0,Unknown,Unknown,Unknown,Unknown,0.0,0.0,0.0,0.0,0.0,Sweden,1891.0,https://media.api-sports.io/football/teams/364.png,Tele2 Arena,"Arenaslingan 14, Johanneshov",Stockholm,33000.0
Unknown,113.0,0.0,1970-01-01,0.0,0.0,0.0,0.0,Unknown,Unknown,Unknown,Unknown,0.0,0.0,0.0,1970-01-01,Unknown,Unknown,0.0,366.0,IFK Goteborg,0.0,Unknown,Unknown,Unknown,Unknown,0.0,0.0,0.0,0.0,0.0,Sweden,1904.0,https://media.api-sports.io/football/teams/366.png,Gamla Ullevi,Ullevigatan 5,Göteborg,18800.0
Unknown,113.0,0.0,1970-01-01,0.0,0.0,0.0,0.0,Unknown,Unknown,Unknown,Unknown,0.0,0.0,0.0,1970-01-01,Unknown,Unknown,0.0,367.0,BK Hacken,0.0,Unknown,Unknown,Unknown,Unknown,0.0,0.0,0.0,0.0,0.0,Sweden,1940.0,https://media.api-sports.io/football/teams/367.png,Bravida Arena,Inlandsgatan 48,Göteborg,7000.0
Unknown,113.0,0.0,1970-01-01,0.0,0.0,0.0,0.0,Unknown,Unknown,Unknown,Unknown,0.0,0.0,0.0,1970-01-01,Unknown,Unknown,0.0,370.0,Sirius,0.0,Unknown,Unknown,Unknown,Unknown,0.0,0.0,0.0,0.0,0.0,Sweden,1907.0,https://media.api-sports.io/football/teams/370.png,Studenternas IP,Ulleråkersvägen 6,Uppsala,10522.0
Unknown,113.0,0.0,1970-01-01,0.0,0.0,0.0,0.0,Unknown,Unknown,Unknown,Unknown,0.0,0.0,0.0,1970-01-01,Unknown,Unknown,0.0,371.0,IF Brommapojkarna,0.0,Unknown,Unknown,Unknown,Unknown,0.0,0.0,0.0,0.0,0.0,Sweden,1942.0,https://media.api-sports.io/football/teams/371.png,Grimsta IP,"Gulddragargränd 100, Hässelby-Vällingby",Stockholm,7350.0
Unknown,113.0,0.0,1970-01-01,0.0,0.0,0.0,0.0,Unknown,Unknown,Unknown,Unknown,0.0,0.0,0.0,1970-01-01,Unknown,Unknown,0.0,372.0,IF Elfsborg,0.0,Unknown,Unknown,Unknown,Unknown,0.0,0.0,0.0,0.0,0.0,Sweden,1904.0,https://media.api-sports.io/football/teams/372.png,Borås Arena,Ălgårdsvägen 32,Borås,16899.0
Unknown,113.0,0.0,1970-01-01,0.0,0.0,0.0,0.0,Unknown,Unknown,Unknown,Unknown,0.0,0.0,0.0,1970-01-01,Unknown,Unknown,0.0,373.0,GIF Sundsvall,0.0,Unknown,Unknown,Unknown,Unknown,0.0,0.0,0.0,0.0,0.0,Sweden,1903.0,https://media.api-sports.io/football/teams/373.png,NP3 Arena,Universitetsallén 6,Sundsvall,8034.0
Unknown,113.0,0.0,1970-01-01,0.0,0.0,0.0,0.0,Unknown,Unknown,Unknown,Unknown,0.0,0.0,0.0,1970-01-01,Unknown,Unknown,0.0,374.0,Kalmar FF,0.0,Unknown,Unknown,Unknown,Unknown,0.0,0.0,0.0,0.0,0.0,Sweden,1910.0,https://media.api-sports.io/football/teams/374.png,Guldfågeln Arena,"Trångsundsvägen, Bilen",Kalmar,12182.0
Unknown,113.0,0.0,1970-01-01,0.0,0.0,0.0,0.0,Unknown,Unknown,Unknown,Unknown,0.0,0.0,0.0,1970-01-01,Unknown,Unknown,0.0,375.0,Malmo FF,0.0,Unknown,Unknown,Unknown,Unknown,0.0,0.0,0.0,0.0,0.0,Sweden,1910.0,https://media.api-sports.io/football/teams/375.png,Eleda Stadion,Eric Persson väg 1,Malmö,24148.0
Unknown,113.0,0.0,1970-01-01,0.0,0.0,0.0,0.0,Unknown,Unknown,Unknown,Unknown,0.0,0.0,0.0,1970-01-01,Unknown,Unknown,0.0,377.0,AIK Stockholm,0.0,Unknown,Unknown,Unknown,Unknown,0.0,0.0,0.0,0.0,0.0,Sweden,1891.0,https://media.api-sports.io/football/teams/377.png,Friends Arena,Råsta Strandväg 1,Solna,54329.0
Unknown,113.0,0.0,1970-01-01,0.0,0.0,0.0,0.0,Unknown,Unknown,Unknown,Unknown,0.0,0.0,0.0,1970-01-01,Unknown,Unknown,0.0,378.0,IFK Norrkoping,0.0,Unknown,Unknown,Unknown,Unknown,0.0,0.0,0.0,0.0,0.0,Sweden,1897.0,https://media.api-sports.io/football/teams/378.png,PlatinumCars Arena,Ektorpsgatan 1,Norrköping,17234.0
Unknown,135.0,0.0,1970-01-01,0.0,0.0,0.0,0.0,Unknown,Unknown,Unknown,Unknown,0.0,0.0,0.0,1970-01-01,Unknown,Unknown,0.0,487.0,Lazio,0.0,Unknown,Unknown,Unknown,Unknown,0.0,0.0,0.0,0.0,0.0,Italy,1900.0,https://media.api-sports.io/football/teams/487.png,Stadio Olimpico,"Viale dei Gladiatori, 2 / Via del Foro Italico",Roma,68530.0
Unknown,135.0,0.0,1970-01-01,0.0,0.0,0.0,0.0,Unknown,Unknown,Unknown,Unknown,0.0,0.0,0.0,1970-01-01,Unknown,Unknown,0.0,488.0,Sassuolo,0.0,Unknown,Unknown,Unknown,Unknown,0.0,0.0,0.0,0.0,0.0,Italy,1922.0,https://media.api-sports.io/football/teams/488.png,MAPEI Stadium - Città del Tricolore,"Piazza Azzuri d&apos;Italia, 1",Reggio Emilia,23717.0
Unknown,135.0,0.0,1970-01-01,0.0,0.0,0.0,0.0,Unknown,Unknown,Unknown,Unknown,0.0,0.0,0.0,1970-01-01,Unknown,Unknown,0.0,489.0,AC Milan,0.0,Unknown,Unknown,Unknown,Unknown,0.0,0.0,0.0,0.0,0.0,Italy,1899.0,https://media.api-sports.io/football/teams/489.png,Stadio Giuseppe Meazza,Via Piccolomini 5,Milano,80018.0
Unknown,135.0,0.0,1970-01-01,0.0,0.0,0.0,0.0,Unknown,Unknown,Unknown,Unknown,0.0,0.0,0.0,1970-01-01,Unknown,Unknown,0.0,490.0,Cagliari,0.0,Unknown,Unknown,Unknown,Unknown,0.0,0.0,0.0,0.0,0.0,Italy,1920.0,https://media.api-sports.io/football/teams/490.png,Unipol Domus,Via Raimondo Carta Raspi,Cagliari,16416.0
Unknown,135.0,0.0,1970-01-01,0.0,0.0,0.0,0.0,Unknown,Unknown,Unknown,Unknown,0.0,0.0,0.0,1970-01-01,Unknown,Unknown,0.0,492.0,Napoli,0.0,Unknown,Unknown,Unknown,Unknown,0.0,0.0,0.0,0.0,0.0,Italy,1904.0,https://media.api-sports.io/football/teams/492.png,Stadio Diego Armando Maradona,Pizzale Vincenzo Tecchio,Napoli,60240.0
Unknown,135.0,0.0,1970-01-01,0.0,0.0,0.0,0.0,Unknown,Unknown,Unknown,Unknown,0.0,0.0,0.0,1970-01-01,Unknown,Unknown,0.0,494.0,Udinese,0.0,Unknown,Unknown,Unknown,Unknown,0.0,0.0,0.0,0.0,0.0,Italy,1896.0,https://media.api-sports.io/football/teams/494.png,Bluenergy Stadium,"Piazza le Repubblica Argentina, 3",Udine,25952.0
Unknown,135.0,0.0,1970-01-01,0.0,0.0,0.0,0.0,Unknown,Unknown,Unknown,Unknown,0.0,0.0,0.0,1970-01-01,Unknown,Unknown,0.0,495.0,Genoa,0.0,Unknown,Unknown,Unknown,Unknown,0.0,0.0,0.0,0.0,0.0,Italy,1893.0,https://media.api-sports.io/football/teams/495.png,Stadio Comunale Luigi Ferraris,"Via Giovanni De Prà, 1",Genova,36703.0
Unknown,135.0,0.0,1970-01-01,0.0,0.0,0.0,0.0,Unknown,Unknown,Unknown,Unknown,0.0,0.0,0.0,1970-01-01,Unknown,Unknown,0.0,496.0,Juventus,0.0,Unknown,Unknown,Unknown,Unknown,0.0,0.0,0.0,0.0,0.0,Italy,1897.0,https://media.api-sports.io/football/teams/496.png,Allianz Stadium,Strada Comunale di Altessano 131,Torino,45666.0
Unknown,135.0,0.0,1970-01-01,0.0,0.0,0.0,0.0,Unknown,Unknown,Unknown,Unknown,0.0,0.0,0.0,1970-01-01,Unknown,Unknown,0.0,497.0,AS Roma,0.0,Unknown,Unknown,Unknown,Unknown,0.0,0.0,0.0,0.0,0.0,Italy,1927.0,https://media.api-sports.io/football/teams/497.png,Stadio Olimpico,"Viale dei Gladiatori, 2 / Via del Foro Italico",Roma,68530.0
Unknown,135.0,0.0,1970-01-01,0.0,0.0,0.0,0.0,Unknown,Unknown,Unknown,Unknown,0.0,0.0,0.0,1970-01-01,Unknown,Unknown,0.0,498.0,Sampdoria,0.0,Unknown,Unknown,Unknown,Unknown,0.0,0.0,0.0,0.0,0.0,Italy,1946.0,https://media.api-sports.io/football/teams/498.png,Stadio Comunale Luigi Ferraris,"Via Giovanni De Prà, 1",Genova,36703.0
Unknown,135.0,0.0,1970-01-01,0.0,0.0,0.0,0.0,Unknown,Unknown,Unknown,Unknown,0.0,0.0,0.0,1970-01-01,Unknown,Unknown,0.0,499.0,Atalanta,0.0,Unknown,Unknown,Unknown,Unknown,0.0,0.0,0.0,0.0,0.0,Italy,1907.0,https://media.api-sports.io/football/teams/499.png,Gewiss Stadium,Viale Giulio Cesare 18,Bergamo,21300.0
Unknown,135.0,0.0,1970-01-01,0.0,0.0,0.0,0.0,Unknown,Unknown,Unknown,Unknown,0.0,0.0,0.0,1970-01-01,Unknown,Unknown,0.0,500.0,Bologna,0.0,Unknown,Unknown,Unknown,Unknown,0.0,0.0,0.0,0.0,0.0,Italy,1909.0,https://media.api-sports.io/football/teams/500.png,Stadio Renato Dall'Ara,"Via Andrea Costa, 174",Bologna,39279.0
Unknown,135.0,0.0,1970-01-01,0.0,0.0,0.0,0.0,Unknown,Unknown,Unknown,Unknown,0.0,0.0,0.0,1970-01-01,Unknown,Unknown,0.0,502.0,Fiorentina,0.0,Unknown,Unknown,Unknown,Unknown,0.0,0.0,0.0,0.0,0.0,Italy,1926.0,https://media.api-sports.io/football/teams/502.png,Stadio Artemio Franchi,Viale Manfredo Fanti 14,Firenze,43147.0
Unknown,135.0,0.0,1970-01-01,0.0,0.0,0.0,0.0,Unknown,Unknown,Unknown,Unknown,0.0,0.0,0.0,1970-01-01,Unknown,Unknown,0.0,503.0,Torino,0.0,Unknown,Unknown,Unknown,Unknown,0.0,0.0,0.0,0.0,0.0,Italy,1906.0,https://media.api-sports.io/football/teams/503.png,Stadio Olimpico Grande Torino,"Corso Sebastopoli 123, Santa Rita",Torino,27958.0
Unknown,135.0,0.0,1970-01-01,0.0,0.0,0.0,0.0,Unknown,Unknown,Unknown,Unknown,0.0,0.0,0.0,1970-01-01,Unknown,Unknown,0.0,504.0,Verona,0.0,Unknown,Unknown,Unknown,Unknown,0.0,0.0,0.0,0.0,0.0,Italy,1903.0,https://media.api-sports.io/football/teams/504.png,Stadio Marc'Antonio Bentegodi,Piazzale Olimpia,Verona,39211.0
Unknown,135.0,0.0,1970-01-01,0.0,0.0,0.0,0.0,Unknown,Unknown,Unknown,Unknown,0.0,0.0,0.0,1970-01-01,Unknown,Unknown,0.0,505.0,Inter,0.0,Unknown,Unknown,Unknown,Unknown,0.0,0.0,0.0,0.0,0.0,Italy,1908.0,https://media.api-sports.io/football/teams/505.png,Stadio Giuseppe Meazza,Via Piccolomini 5,Milano,80018.0
Unknown,135.0,0.0,1970-01-01,0.0,0.0,0.0,0.0,Unknown,Unknown,Unknown,Unknown,0.0,0.0,0.0,1970-01-01,Unknown,Unknown,0.0,511.0,Empoli,0.0,Unknown,Unknown,Unknown,Unknown,0.0,0.0,0.0,0.0,0.0,Italy,1920.0,https://media.api-sports.io/football/teams/511.png,Stadio Carlo Castellani – Computer Gross Arena,Viale delle Olimpiadi,Empoli,16284.0
Unknown,135.0,0.0,1970-01-01,0.0,0.0,0.0,0.0,Unknown,Unknown,Unknown,Unknown,0.0,0.0,0.0,1970-01-01,Unknown,Unknown,0.0,512.0,Frosinone,0.0,Unknown,Unknown,Unknown,Unknown,0.0,0.0,0.0,0.0,0.0,Italy,1928.0,https://media.api-sports.io/football/teams/512.png,Stadio Benito Stirpe,Viale Olimpia,Frosinone,16310.0
Unknown,135.0,0.0,1970-01-01,0.0,0.0,0.0,0.0,Unknown,Unknown,Unknown,Unknown,0.0,0.0,0.0,1970-01-01,Unknown,Unknown,0.0,514.0,Salernitana,0.0,Unknown,Unknown,Unknown,Unknown,0.0,0.0,0.0,0.0,0.0,Italy,2011.0,https://media.api-sports.io/football/teams/514.png,Stadio Arechi,Via Salvador Allende,Salerno,37245.0
Unknown,135.0,0.0,1970-01-01,0.0,0.0,0.0,0.0,Unknown,Unknown,Unknown,Unknown,0.0,0.0,0.0,1970-01-01,Unknown,Unknown,0.0,515.0,Spezia,0.0,Unknown,Unknown,Unknown,Unknown,0.0,0.0,0.0,0.0,0.0,Italy,1906.0,https://media.api-sports.io/football/teams/515.png,Stadio Alberto Picco,"Via Nicolò Fieschi, 18",La Spezia,11767.0
Unknown,135.0,0.0,1970-01-01,0.0,0.0,0.0,0.0,Unknown,Unknown,Unknown,Unknown,0.0,0.0,0.0,1970-01-01,Unknown,Unknown,0.0,517.0,Venezia,0.0,Unknown,Unknown,Unknown,Unknown,0.0,0.0,0.0,0.0,0.0,Italy,1907.0,https://media.api-sports.io/football/teams/517.png,Stadio Pierluigi Penzo,Isola di Sant&apos;Elena,Venezia,11150.0
Unknown,135.0,0.0,1970-01-01,0.0,0.0,0.0,0.0,Unknown,Unknown,Unknown,Unknown,0.0,0.0,0.0,1970-01-01,Unknown,Unknown,0.0,520.0,Cremonese,0.0,Unknown,Unknown,Unknown,Unknown,0.0,0.0,0.0,0.0,0.0,Italy,1903.0,https://media.api-sports.io/football/teams/520.png,Stadio Giovanni Zini,"Via Persico, 19",Cremona,20034.0
Unknown,135.0,0.0,1970-01-01,0.0,0.0,0.0,0.0,Unknown,Unknown,Unknown,Unknown,0.0,0.0,0.0,1970-01-01,Unknown,Unknown,0.0,523.0,Parma,0.0,Unknown,Unknown,Unknown,Unknown,0.0,0.0,0.0,0.0,0.0,Italy,1913.0,https://media.api-sports.io/football/teams/523.png,Stadio Ennio Tardini,"Via Partigiani d&apos;Italia, 1",Parma,21473.0
Unknown,140.0,0.0,1970-01-01,0.0,0.0,0.0,0.0,Unknown,Unknown,Unknown,Unknown,0.0,0.0,0.0,1970-01-01,Unknown,Unknown,0.0,529.0,Barcelona,0.0,Unknown,Unknown,Unknown,Unknown,0.0,0.0,0.0,0.0,0.0,Spain,1899.0,https://media.api-sports.io/football/teams/529.png,Estadi Olímpic Lluís Companys,Carrer de l&apos;Estadi,Barcelona,55926.0
Unknown,140.0,0.0,1970-01-01,0.0,0.0,0.0,0.0,Unknown,Unknown,Unknown,Unknown,0.0,0.0,0.0,1970-01-01,Unknown,Unknown,0.0,530.0,Atletico Madrid,0.0,Unknown,Unknown,Unknown,Unknown,0.0,0.0,0.0,0.0,0.0,Spain,1903.0,https://media.api-sports.io/football/teams/530.png,Estádio Cívitas Metropolitano,Rosas,Madrid,70460.0
Unknown,140.0,0.0,1970-01-01,0.0,0.0,0.0,0.0,Unknown,Unknown,Unknown,Unknown,0.0,0.0,0.0,1970-01-01,Unknown,Unknown,0.0,531.0,Athletic Club,0.0,Unknown,Unknown,Unknown,Unknown,0.0,0.0,0.0,0.0,0.0,Spain,1898.0,https://media.api-sports.io/football/teams/531.png,San Mamés Barria,Rafael Moreno Pitxitxi Kalea,Bilbao,53289.0
Unknown,140.0,0.0,1970-01-01,0.0,0.0,0.0,0.0,Unknown,Unknown,Unknown,Unknown,0.0,0.0,0.0,1970-01-01,Unknown,Unknown,0.0,532.0,Valencia,0.0,Unknown,Unknown,Unknown,Unknown,0.0,0.0,0.0,0.0,0.0,Spain,1919.0,https://media.api-sports.io/football/teams/532.png,Estadio de Mestalla,Avenida de Suecia,Valencia,55000.0
Unknown,140.0,0.0,1970-01-01,0.0,0.0,0.0,0.0,Unknown,Unknown,Unknown,Unknown,0.0,0.0,0.0,1970-01-01,Unknown,Unknown,0.0,533.0,Villarreal,0.0,Unknown,Unknown,Unknown,Unknown,0.0,0.0,0.0,0.0,0.0,Spain,1923.0,https://media.api-sports.io/football/teams/533.png,Estadio de la Cerámica,Plaza Labrador,Villarreal,24500.0
Unknown,140.0,0.0,1970-01-01,0.0,0.0,0.0,0.0,Unknown,Unknown,Unknown,Unknown,0.0,0.0,0.0,1970-01-01,Unknown,Unknown,0.0,534.0,Las Palmas,0.0,Unknown,Unknown,Unknown,Unknown,0.0,0.0,0.0,0.0,0.0,Spain,1949.0,https://media.api-sports.io/football/teams/534.png,Estadio de Gran Canaria,Avenida Pío XII 29,Las Palmas de Gran Canaria,32392.0
Unknown,140.0,0.0,1970-01-01,0.0,0.0,0.0,0.0,Unknown,Unknown,Unknown,Unknown,0.0,0.0,0.0,1970-01-01,Unknown,Unknown,0.0,536.0,Sevilla,0.0,Unknown,Unknown,Unknown,Unknown,0.0,0.0,0.0,0.0,0.0,Spain,1890.0,https://media.api-sports.io/football/teams/536.png,Estadio Ramón Sánchez Pizjuán,Avenida de Eduardo Dato,Sevilla,48649.0
Unknown,140.0,0.0,1970-01-01,0.0,0.0,0.0,0.0,Unknown,Unknown,Unknown,Unknown,0.0,0.0,0.0,1970-01-01,Unknown,Unknown,0.0,537.0,Leganes,0.0,Unknown,Unknown,Unknown,Unknown,0.0,0.0,0.0,0.0,0.0,Spain,1928.0,https://media.api-sports.io/football/teams/537.png,Estadio Municipal de Butarque,Calle Arquitectura,Leganés,12450.0
Unknown,140.0,0.0,1970-01-01,0.0,0.0,0.0,0.0,Unknown,Unknown,Unknown,Unknown,0.0,0.0,0.0,1970-01-01,Unknown,Unknown,0.0,538.0,Celta Vigo,0.0,Unknown,Unknown,Unknown,Unknown,0.0,0.0,0.0,0.0,0.0,Spain,1923.0,https://media.api-sports.io/football/teams/538.png,Abanca-Balaídos,Avenida de Balaídos,Vigo,31800.0
Unknown,140.0,0.0,1970-01-01,0.0,0.0,0.0,0.0,Unknown,Unknown,Unknown,Unknown,0.0,0.0,0.0,1970-01-01,Unknown,Unknown,0.0,540.0,Espanyol,0.0,Unknown,Unknown,Unknown,Unknown,0.0,0.0,0.0,0.0,0.0,Spain,1900.0,https://media.api-sports.io/football/teams/540.png,Stage Front Stadium,Avenida Baix Llobregat 100,Cornella de Llobregat,40423.0
Unknown,140.0,0.0,1970-01-01,0.0,0.0,0.0,0.0,Unknown,Unknown,Unknown,Unknown,0.0,0.0,0.0,1970-01-01,Unknown,Unknown,0.0,541.0,Real Madrid,0.0,Unknown,Unknown,Unknown,Unknown,0.0,0.0,0.0,0.0,0.0,Spain,1902.0,https://media.api-sports.io/football/teams/541.png,Estadio Santiago Bernabéu,"Avenida de Concha Espina 1, Chamartín",Madrid,85454.0
Unknown,140.0,0.0,1970-01-01,0.0,0.0,0.0,0.0,Unknown,Unknown,Unknown,Unknown,0.0,0.0,0.0,1970-01-01,Unknown,Unknown,0.0,542.0,Alaves,0.0,Unknown,Unknown,Unknown,Unknown,0.0,0.0,0.0,0.0,0.0,Spain,1921.0,https://media.api-sports.io/football/teams/542.png,Estadio de Mendizorroza,Paseo de Cervantes,Vitoria-Gasteiz,19840.0
Unknown,140.0,0.0,1970-01-01,0.0,0.0,0.0,0.0,Unknown,Unknown,Unknown,Unknown,0.0,0.0,0.0,1970-01-01,Unknown,Unknown,0.0,543.0,Real Betis,0.0,Unknown,Unknown,Unknown,Unknown,0.0,0.0,0.0,0.0,0.0,Spain,1907.0,https://media.api-sports.io/football/teams/543.png,Estadio Benito Villamarín,Avenida de Heliópolis,Sevilla,60721.0
Unknown,140.0,0.0,1970-01-01,0.0,0.0,0.0,0.0,Unknown,Unknown,Unknown,Unknown,0.0,0.0,0.0,1970-01-01,Unknown,Unknown,0.0,546.0,Getafe,0.0,Unknown,Unknown,Unknown,Unknown,0.0,0.0,0.0,0.0,0.0,Spain,1983.0,https://media.api-sports.io/football/teams/546.png,Estadio Coliseum,Avenida de Teresa de Calcuta,Getafe,17393.0
Unknown,140.0,0.0,1970-01-01,0.0,0.0,0.0,0.0,Unknown,Unknown,Unknown,Unknown,0.0,0.0,0.0,1970-01-01,Unknown,Unknown,0.0,547.0,Girona,0.0,Unknown,Unknown,Unknown,Unknown,0.0,0.0,0.0,0.0,0.0,Spain,1930.0,https://media.api-sports.io/football/teams/547.png,Estadi Municipal de Montilivi,Avenida Montlivi 141,Girona,14500.0
Unknown,140.0,0.0,1970-01-01,0.0,0.0,0.0,0.0,Unknown,Unknown,Unknown,Unknown,0.0,0.0,0.0,1970-01-01,Unknown,Unknown,0.0,548.0,Real Sociedad,0.0,Unknown,Unknown,Unknown,Unknown,0.0,0.0,0.0,0.0,0.0,Spain,1909.0,https://media.api-sports.io/football/teams/548.png,Reale Arena,Paseo de Anoeta 1,Donostia-San Sebastián,40000.0
Unknown,140.0,0.0,1970-01-01,0.0,0.0,0.0,0.0,Unknown,Unknown,Unknown,Unknown,0.0,0.0,0.0,1970-01-01,Unknown,Unknown,0.0,715.0,Granada CF,0.0,Unknown,Unknown,Unknown,Unknown,0.0,0.0,0.0,0.0,0.0,Spain,1931.0,https://media.api-sports.io/football/teams/715.png,Estadio Nuevo Los Cármenes,Calle Pintor Manuel Maldonado,Granada,23156.0
Unknown,140.0,0.0,1970-01-01,0.0,0.0,0.0,0.0,Unknown,Unknown,Unknown,Unknown,0.0,0.0,0.0,1970-01-01,Unknown,Unknown,0.0,720.0,Valladolid,0.0,Unknown,Unknown,Unknown,Unknown,0.0,0.0,0.0,0.0,0.0,Spain,1928.0,https://media.api-sports.io/football/teams/720.png,Estadio Municipal José Zorrilla,Avenida del Mundial 82,Valladolid,26512.0
Unknown,140.0,0.0,1970-01-01,0.0,0.0,0.0,0.0,Unknown,Unknown,Unknown,Unknown,0.0,0.0,0.0,1970-01-01,Unknown,Unknown,0.0,723.0,Almeria,0.0,Unknown,Unknown,Unknown,Unknown,0.0,0.0,0.0,0.0,0.0,Spain,1989.0,https://media.api-sports.io/football/teams/723.png,Power Horse Stadium – Estadio de los Juegos Mediterráneos,Calle de Belladona,Almería,21350.0
Unknown,140.0,0.0,1970-01-01,0.0,0.0,0.0,0.0,Unknown,Unknown,Unknown,Unknown,0.0,0.0,0.0,1970-01-01,Unknown,Unknown,0.0,724.0,Cadiz,0.0,Unknown,Unknown,Unknown,Unknown,0.0,0.0,0.0,0.0,0.0,Spain,1910.0,https://media.api-sports.io/football/teams/724.png,Estadio Nuevo Mirandilla,Plaza de Madrid,Cádiz,22000.0
Unknown,140.0,0.0,1970-01-01,0.0,0.0,0.0,0.0,Unknown,Unknown,Unknown,Unknown,0.0,0.0,0.0,1970-01-01,Unknown,Unknown,0.0,727.0,Osasuna,0.0,Unknown,Unknown,Unknown,Unknown,0.0,0.0,0.0,0.0,0.0,Spain,1920.0,https://media.api-sports.io/football/teams/727.png,Estadio El Sadar,Carretera El Sadar,Iruñea,23576.0
Unknown,140.0,0.0,1970-01-01,0.0,0.0,0.0,0.0,Unknown,Unknown,Unknown,Unknown,0.0,0.0,0.0,1970-01-01,Unknown,Unknown,0.0,728.0,Rayo Vallecano,0.0,Unknown,Unknown,Unknown,Unknown,0.0,0.0,0.0,0.0,0.0,Spain,1924.0,https://media.api-sports.io/football/teams/728.png,Estadio de Vallecas,Calle Payaso Fofó,Madrid,15500.0
Unknown,113.0,0.0,1970-01-01,0.0,0.0,0.0,0.0,Unknown,Unknown,Unknown,Unknown,0.0,0.0,0.0,1970-01-01,Unknown,Unknown,0.0,766.0,Halmstad,0.0,Unknown,Unknown,Unknown,Unknown,0.0,0.0,0.0,0.0,0.0,Sweden,1914.0,https://media.api-sports.io/football/teams/766.png,Örjans Vall,Laxövägen,Halmstad,15500.0
Unknown,140.0,0.0,1970-01-01,0.0,0.0,0.0,0.0,Unknown,Unknown,Unknown,Unknown,0.0,0.0,0.0,1970-01-01,Unknown,Unknown,0.0,797.0,Elche,0.0,Unknown,Unknown,Unknown,Unknown,0.0,0.0,0.0,0.0,0.0,Spain,1923.0,https://media.api-sports.io/football/teams/797.png,Estadio Manuel Martínez Valero,Avenida Manuel Martínez Valero 3,Elche,36017.0
Unknown,140.0,0.0,1970-01-01,0.0,0.0,0.0,0.0,Unknown,Unknown,Unknown,Unknown,0.0,0.0,0.0,1970-01-01,Unknown,Unknown,0.0,798.0,Mallorca,0.0,Unknown,Unknown,Unknown,Unknown,0.0,0.0,0.0,0.0,0.0,Spain,1916.0,https://media.api-sports.io/football/teams/798.png,Estadi Mallorca Son Moix,Camí dels Reis,Palma de Mallorca,23142.0
Unknown,113.0,0.0,1970-01-01,0.0,0.0,0.0,0.0,Unknown,Unknown,Unknown,Unknown,0.0,0.0,0.0,1970-01-01,Unknown,Unknown,0.0,811.0,Helsingborg,0.0,Unknown,Unknown,Unknown,Unknown,0.0,0.0,0.0,0.0,0.0,Sweden,1907.0,https://media.api-sports.io/football/teams/811.png,Olympia,Mellersta Stenbocksgatan,Helsingborg,16673.0
Unknown,135.0,0.0,1970-01-01,0.0,0.0,0.0,0.0,Unknown,Unknown,Unknown,Unknown,0.0,0.0,0.0,1970-01-01,Unknown,Unknown,0.0,867.0,Lecce,0.0,Unknown,Unknown,Unknown,Unknown,0.0,0.0,0.0,0.0,0.0,Italy,1908.0,https://media.api-sports.io/football/teams/867.png,Stadio Comunale Via del Mare,Viale dello Stadio,Lecce,33876.0
Unknown,135.0,0.0,1970-01-01,0.0,0.0,0.0,0.0,Unknown,Unknown,Unknown,Unknown,0.0,0.0,0.0,1970-01-01,Unknown,Unknown,0.0,895.0,Como,0.0,Unknown,Unknown,Unknown,Unknown,0.0,0.0,0.0,0.0,0.0,Italy,1907.0,https://media.api-sports.io/football/teams/895.png,Stadio Giuseppe Sinigaglia,"Via Giuseppe Sinigaglia, 3",Como,13602.0
Unknown,61.0,0.0,1970-01-01,0.0,0.0,0.0,0.0,Unknown,Unknown,Unknown,Unknown,0.0,0.0,0.0,1970-01-01,Unknown,Unknown,0.0,1063.0,Saint Etienne,0.0,Unknown,Unknown,Unknown,Unknown,0.0,0.0,0.0,0.0,0.0,France,1920.0,https://media.api-sports.io/football/teams/1063.png,Stade Geoffroy-Guichard,"14, rue Pierre et Paul Guichard",Saint-Ètienne,41965.0
Unknown,39.0,0.0,1970-01-01,0.0,0.0,0.0,0.0,Unknown,Unknown,Unknown,Unknown,0.0,0.0,0.0,1970-01-01,Unknown,Unknown,0.0,1359.0,Luton,0.0,Unknown,Unknown,Unknown,Unknown,0.0,0.0,0.0,0.0,0.0,England,1885.0,https://media.api-sports.io/football/teams/1359.png,Kenilworth Road,1 Maple Road,"Luton, Bedfordshire",11500.0
Unknown,135.0,0.0,1970-01-01,0.0,0.0,0.0,0.0,Unknown,Unknown,Unknown,Unknown,0.0,0.0,0.0,1970-01-01,Unknown,Unknown,0.0,1579.0,Monza,0.0,Unknown,Unknown,Unknown,Unknown,0.0,0.0,0.0,0.0,0.0,Italy,1912.0,https://media.api-sports.io/football/teams/1579.png,U-Power Stadium,Via Franco Tognini,Monza,18568.0
Unknown,113.0,0.0,1970-01-01,0.0,0.0,0.0,0.0,Unknown,Unknown,Unknown,Unknown,0.0,0.0,0.0,1970-01-01,Unknown,Unknown,0.0,2163.0,IFK Varnamo,0.0,Unknown,Unknown,Unknown,Unknown,0.0,0.0,0.0,0.0,0.0,Sweden,1912.0,https://media.api-sports.io/football/teams/2163.png,Finnvedsvallen,Sandgatan,Värnamo,5070.0
Unknown,113.0,0.0,1970-01-01,0.0,0.0,0.0,0.0,Unknown,Unknown,Unknown,Unknown,0.0,0.0,0.0,1970-01-01,Unknown,Unknown,0.0,2170.0,Gais,0.0,Unknown,Unknown,Unknown,Unknown,0.0,0.0,0.0,0.0,0.0,Sweden,1894.0,https://media.api-sports.io/football/teams/2170.png,Gamla Ullevi,Ullevigatan 5,Göteborg,18800.0
Unknown,113.0,0.0,1970-01-01,0.0,0.0,0.0,0.0,Unknown,Unknown,Unknown,Unknown,0.0,0.0,0.0,1970-01-01,Unknown,Unknown,0.0,2171.0,Varbergs BoIS FC,0.0,Unknown,Unknown,Unknown,Unknown,0.0,0.0,0.0,0.0,0.0,Sweden,1925.0,https://media.api-sports.io/football/teams/2171.png,Varberg Energi Arena,Kattegattsvägen 20,Varberg,5000.0
Unknown,113.0,0.0,1970-01-01,0.0,0.0,0.0,0.0,Unknown,Unknown,Unknown,Unknown,0.0,0.0,0.0,1970-01-01,Unknown,Unknown,0.0,2172.0,Degerfors IF,0.0,Unknown,Unknown,Unknown,Unknown,0.0,0.0,0.0,0.0,0.0,Sweden,1907.0,https://media.api-sports.io/football/teams/2172.png,Stora Valla,Stora Vallavägen 1,Degerfors,12500.0
Unknown,113.0,0.0,1970-01-01,0.0,0.0,0.0,0.0,Unknown,Unknown,Unknown,Unknown,0.0,0.0,0.0,1970-01-01,Unknown,Unknown,0.0,2174.0,Osters IF,0.0,Unknown,Unknown,Unknown,Unknown,0.0,0.0,0.0,0.0,0.0,Sweden,1930.0,https://media.api-sports.io/football/teams/2174.png,Visma Arena,Bollgatan 1,Växjö,12173.0
Unknown,113.0,0.0,1970-01-01,0.0,0.0,0.0,0.0,Unknown,Unknown,Unknown,Unknown,0.0,0.0,0.0,1970-01-01,Unknown,Unknown,0.0,2240.0,Mjallby AIF,0.0,Unknown,Unknown,Unknown,Unknown,0.0,0.0,0.0,0.0,0.0,Sweden,1939.0,https://media.api-sports.io/football/teams/2240.png,Strandvallen,"Campingvägen 44, Hällevik",Sölvesborg,7500.0
Unknown,113.0,0.0,1970-01-01,0.0,0.0,0.0,0.0,Unknown,Unknown,Unknown,Unknown,0.0,0.0,0.0,1970-01-01,Unknown,Unknown,0.0,2241.0,Vasteras SK FK,0.0,Unknown,Unknown,Unknown,Unknown,0.0,0.0,0.0,0.0,0.0,Sweden,1904.0,https://media.api-sports.io/football/teams/2241.png,Hitachi Energy Arena,PONTUS WIDÉNS VÄG 5,Västerås,8900.0
Unknown,113.0,0.0,1970-01-01,0.0,0.0,0.0,0.0,Unknown,Unknown,Unknown,Unknown,0.0,0.0,0.0,1970-01-01,Unknown,Unknown,0.0,6706.0,Utsikten,0.0,Unknown,Unknown,Unknown,Unknown,0.0,0.0,0.0,0.0,0.0,Sweden,1935.0,https://media.api-sports.io/football/teams/6706.png,Ruddalens IP 1,Musikvägen,Västra Frölunda,5000.0
